page,country,rev_id,prediction
List of politicians in Poland,Poland,516633096,
Tingtingru,Vanuatu,550682925,
Khayelihle Mathaba,South Africa,627051151,
Daud Arsala,Afghanistan,627547024,
Book:Two Political Biographies,India,636911471,
Pierre Philibert de Blancheton,France,644041882,
James Cotterell Hoole,Cape Colony,666596918,
Dilaver Bey,Turkey,669987106,
Dušan Švantner,Slovakia,671461616,
Bharat Saud,Nepal,671484594,
Jorge Zavala,Ecuador,677523953,
Book:Australian Prime Ministers,Australia,680981536,
Eli Wong,Malaysia,683715284,
Robert Sych,Poland,684023803,
Marek Krzysztof Jeleniewski,Poland,684023859,
Willem Buys,Netherlands,688537236,
Guillermo Montenegro,Argentina,693714773,
Khanzahi,Iran,696608092,
"Rhinoceros Party of Canada candidates, 1980 Canadian federal election",Canada,698077739,
Narayani Datt Chataut,Nepal,698572327,
Lekh Nath Neupane,Nepal,698582041,
Mohammad Amjad,Pakistan,699260156,
Ivan Maistrenko,Ukraine,699336835,
John Hall (New South Wales politician),Australia,700355073,
Veit Ludwig von Seckendorff,Germany,702964122,
Daniel Constantin (administrator),France,703403120,
Gomez das Mariñas,Spain,703773782,
Anthony Daly (Whiteboy),Ireland,704004670,
Philip O. Emafo,Nigeria,704719275,
Husein Hasanally Abdoolcader,Malaysia,705200309,
José León Sandoval,Nicaragua,705347018,
François Biltgen,Luxembourg,705409866,
Hugo Anzorreguy,Argentina,705736979,
Joseph Korto,Liberia,706183676,
Valerio De Los Benidos,Cuba,706204833,
Árni Mathiesen,Iceland,706369684,
Andrew Wiggin (judge),United States,706605760,
Kamlesh Arya,Fiji,706810694,
Mohammed Afzal Khan,Fiji,706856853,
Roberto Huerta,Argentina,707192879,
Liang Youyu,China,707390103,
Tuiloma Pule Lameko,Samoan,707750982,
Yvonne Chapman,Australia,708151196,
Francisco Escudero Casquino,Peru,708399506,
Book:Indian Politicians,India,708482569,
Fritz Walter (politician),Germany,708568482,
Pierre-Luc Paquette,Canada,708813010,
Attila Juhász,Hungary,708961165,
List of 1998 Canadian incumbents,Canada,709408965,
Khaled Aghbariyya,Israel,709508670,
Kanda Takahira,Japan,709650362,
Ashat Kerimbay,China,709938382,
José Santos Marques,Portugal,710135228,
Eamon Rice,Ireland,710169547,
Vladimir Shamakhov,Russia,710311600,
Robert James Dugu Gordon,Saint Kitts and Nevis,710428915,
J. B. Tularam,Fiji,710648971,
Hazrat-U-Din,Afghanistan,710715953,
Ozjasz Thon,Poland,710929355,
Anup Kumar (politician),Fiji,711160623,
Floydelia Diasen,Philippines,711224007,
Panu Laturi,Finland,711288191,
Tadeusz Olechowski,Poland,711505415,
Michel Ximenes,France,711513274,
Jaakko Jonkka,Finland,711971278,
Ancízar López López,Colombia,712254668,
I Gede Sumantara Ady Pratama,Indonesia,712411818,
Salih Rajab al-Mismari,Libya,712510932,
Zygmunt Załęski,Poland,712721813,
Łukasz Kowalski,Poland,712872338,
Blanka Olszewska,Poland,712872421,
Janusz Jerzy Drozdalski,Poland,712872473,
Piotr Michał Trzaska,Poland,712872531,
Anna Teresa Piórkowska,Poland,712873183,
Edward Ignacy Hartwich,Poland,712873308,
Lech Andrzej Zagłoba-Zygler,Poland,712873386,
Elżbieta Teresa Rusielewicz,Poland,712878000,
Adam Wojciech Fórmaniak,Poland,712878267,
Zbigniew Józef Sobociński,Poland,712878343,
Bernadeta Aldona Różańska-Majchrzak,Poland,712878396,
Jarosław Wenderlich,Poland,712881543,
Ewa Joanna Starosta,Poland,712881676,
Stanisław Grodzicki (politician),Poland,712881741,
Tadeusz Mirosław Kondrusiewicz,Poland,712881882,
Adrian Amstutz,Switzerland,712886439,
Wojciech Hieronim Nowacki,Poland,712889562,
Jacek Rosół,Poland,712889594,
Tomasz Jan Rega,Poland,712889683,
Marek Henryk Gralik,Poland,712889781,
Michał Piotr Sztybel,Poland,712889809,
Jacek Andrzej Bukowski,Poland,712891291,
Kazimierz Drozd,Poland,712891354,
Lech Stanisław Lewandowski,Poland,712891378,
Felicja Gwincińska,Poland,712891476,
Evans Brima Gbemeh,Sierra Leone,713071819,
Şaban Erden,Turkey,713293889,
Shah Seyyed Ali Kazemi,Iran,713368646,
Diabete Aboubacar Siriki,Ivorian,713381693,
Mahmoud Mestiri,Tunisia,713468262,
Alexander Gurov (politician),Russia,713738265,
Mykola Stsiborskyi,Ukraine,714009110,
Bungan Bugti,Pakistan,714251805,
Fawzi al-Ghazzi,Syria,714352602,
Eric Matinenga,Zimbabwe,714455111,
Huang Qingyi,China,714612784,
Manuel Cepeda Vargas,Colombia,714772000,
Ricardo Moreno Cañas,Costa Rica,714842472,
Paul Jungbluth,Netherlands,714933347,
Eduardo Vasconcelos,Mexico,715134842,
Armin Halitović,Bosnia-Herzegovina,715273866,
Ivan Muravyov-Apostol,Russia,715380185,
James H. Stuart,Canada,715457941,
José Miguel Alemán,Panama,715499439,
Gissur Petersson,Iceland,715534283,
Ariel Riani,Uruguay,715574005,
Hilda Tchoboian,France,715776600,
Hany Mahfouz Helal,Egypt,715947683,
Amirsho Miraliyev,Tajikistan,715978328,
José Bernardo Escobar,Guatemala,716161165,
Annaguly Deryayev,Turkmenistan,716540775,
Jonas Smilgevičius,Lithuania,716698078,
Boele Staal,Netherlands,716845776,
Wacław Olszak,Poland,717152290,
Stasys Kropas,Lithuania,717349724,
Stanislovas Gediminas Ilgūnas,Lithuania,717388019,
Nicole Gauthier,France,717536136,
Aleksandar Rakodczay,Croatia,717542728,
Basimah Aziz Nasir,Iraq,717654431,
"Claude Louis d'Espinchal, marquis de Massiac",France,717760184,
Henri François Xavier Gresley,France,717891895,
Shyamal Datta,India,717912563,
Patrick van Ypersele de Strihou,Belgium,717917231,
Bakhtiar Mahmud Kasuri,Pakistan,717927381,
Yuan Ang,China,718081937,
Veaceslav Stăvilă,Moldova,718090116,
Sahira Sharif,Afghanistan,718384584,
Mahmud Khalid,Ghana,718632666,
Mogus Wolde Mikael,Ethiopia,718819854,
András Bethlen,Hungary,718981621,
Ogtay Shiraliyev,Azerbaijan,719075124,
Héctor García Ribeyro,Peru,719255778,
Edison Rey Batiquin,Philippines,719342595,
Friedrich Peus,Germany,719521006,
Sakib Salajin,Philippines,719579815,
Talib Garingan Pawaki,Philippines,719581803,
Maged George Elias Ghattas,Egypt,719742040,
Mahmud Qabadu,Tunisia,719977822,
Guglielmo Rapinett,Malta,719981739,
Christian Raster,Germany,720054719,
Ikeje Asogwa,Nigeria,720083087,
Jamal Awadh Nasser,Yemen,720154872,
Wells–Bennett–Grant family,United States,720164068,
Józef Chaciński,Poland,720255509,
Kimball–Snow–Woolley family,United States,720356159,
Clas Frietzcky,Sweden,720383107,
Isaac Inoke Tosika,Solomon Islands,720572248,
Malak Zmarak Khan Mandokhail,Pakistan,720688837,
William Wood (Australian politician),Australia,720690369,
Stepan Senchuk,Ukraine,720831838,
Francis Phips,United Kingdom,720856841,
Constantino Salinas,Spain,720924221,
Gu Jinchi,China,720953589,
He Yunfeng,China,720955619,
Kasra Nikzad,Iran,720959757,
Emil Ragazzini,Croatia,720993927,
Tancredo Pinochet,Chile,721040159,
Shabbir Ahmad Rao,Pakistan,721106120,
Musaad bin Mohammed Al Aiban,Saudi Arabia,721234718,
James Paull (MP),United Kingdom,721489538,
Max Adolf Richter,Germany,721509220,
Joachim Dahissiho,Benin,721720638,
Lourdes Aranda,Mexico,721856824,
Corina Dumitrescu,Romania,721933168,
Lajos Simonyi,Hungary,722149969,
Eugeniusz Abrahamowicz,Poland,722339909,
Eysteinn Jónsson,Iceland,722499316,
Gertrud Haldimann,Switzerland,722704470,
Jakob Büchel,Liechtenstein,722975222,
Bybit Lydia Tsomondo,Zimbabwe,723082034,
Alphonse Gourd,France,723128122,
Fuad Nimani,Montenegro,723304272,
René Matteau,Canada,723308478,
Nabil Na'eem,Egypt,723487099,
Marcelo Ramal,Argentina,723695052,
Charles Stewart (Australian politician),Australia,723786720,
Karen Makishima,Japan,723972121,
David J. Reimer,Canada,724052271,
Karl Karrer,Switzerland,724061784,
Nguyễn Thị Thanh Hòa,Vietnam,724271995,
Spiro Ristovski,Macedonia,724502588,
Katarzyna Pełczyńska-Nałęcz,Poland,724703530,
Hilda Hannunen,Finland,724882834,
Ibrahim Artan Ismail,Somalia,725073480,
Gema Martínez López,Mexico,725173202,
Rebeca Godínez y Bravo,Mexico,725208430,
Katrín Fjeldsted,Iceland,725316844,
Mogtari Sahanun,Ghana,725534989,
Inez Pijnenburg,Netherlands,725861082,
Syed Muhammad Dehlavi,Pakistan,726284576,
Razafitiana Auguste Jaonarison,Madagascar,726599547,
Eistein Rajaonary,Madagascar,726600165,
Armand Randrianarison,Madagascar,726608110,
Jean Baptiste Randriamaro,Madagascar,726639434,
Georgy Oppokov,Russia,726684681,
Mahmud Shinkafi,Nigeria,726805368,
Dorodjatun Kuntjoro-Jakti,Indonesia,726812554,
Wolfgang Stammberger,Germany,727226171,
Domingo Bordaberry,Uruguay,727819855,
List of Presidents of the House of Ariki,Cook Island,728378933,
Robert Mbui,Kenya,728614009,
Aliou Mahamidou,Niger,729036678,
Silvija Šimfa,Latvia,729571198,
Joaquín Abarca,Spain,729999103,
Alois Schönburg-Hartenstein,Austria,730275689,
Enrique Palacios Hernández,Spain,730694376,
Mahesh Kumar Malani,Pakistan,730950147,
Maciej Grabowski,Poland,731031879,
Prakash Koirala,Nepal,731622427,
List of Presidents of the Regional Council of Martinique,Martinique,732059763,
Bernhard Ludvig Essendrop,Norway,732417310,
Gunn Elin Flakne,Norway,732422636,
Diego Pérez Moreno,Spain,732437774,
Musheibu Mohammed Alfa,Ghana,732879377,
Paulo Rocha (politician),Brazil,733585785,
Adam Herzog,Switzerland,733933683,
Christoph Leitl,Austria,734044720,
Thozamile Botha,South Africa,734640011,
Patrick Nwakamma Ottih,Cameroon,734957625,
Lorenzo Celsi,Italy,735232646,
Manuel Camus,Philippines,735659923,
Woman's National Democratic Club,United States,735966681,
Ideler Tonelli,Argentina,736270418,
Facundo Machaín,Paraguay,736650179,
Liam Mac an Ultaigh,Ireland,736660951,
Tasman Shields,Australia,736822540,
Fernando Alessandri,Chile,737105428,
Alois Buttinger,Austria,737123608,
Marcel Deneux,France,737541003,
Fred Duncan,Australia,737723136,
Peter Block (politician),Australia,737794542,
Frederick Augustus Forbes,Australia,737961034,
Herbert Curtis,New Zealand,737973765,
Walter Black (politician),New Zealand,737975622,
John Pasquarelli,Australia,738292849,
Mgeni Jadi Kadika,Tanzania,738480520,
Marcel Hatch,Canada,738514517,
Georg von Blumenthal,Germany,738570205,
Khieu Thavika,Cambodia,738804016,
Rajabboy Norkallayev,Tajikistan,738984692,
Frank Portelli,Malta,739024593,
Valérie Dupont,France,739115995,
Arturo Alessandri Besa,Chile,739297939,
"Full Zionist Union list for Israeli legislative election, 2015",Israel,739516679,
Pranab Basu,India,740126873,
Robert Booth (Australian politician),Australia,740205548,
Ernesto Madero,Mexico,740605862,
Prabhudutt Brahmachari,India,740948267,
Meta Vannas,Russia,741263860,
Choida Jamtsho,Bhutan,741782378,
Dritan Abazović,Montenegro,741883456,
Abdullah Khan Tarzi,Afghanistan,742237237,
Jacob van Artevelde,Belgium,742678689,
Asuncion A. Perez,Philippines,743008921,
Jaime Yoshiyama,Peru,743459800,
Françoise Foning,Cameroon,743770874,
Tarcisio Feitosa da Silva,Brazil,743820414,
Mohammed Bello Adoke,Nigeria,744087654,
Linda Eenpalu,Estonia,744300441,
Mitos Magsaysay,Philippines,744478322,
Pio Wong,Fiji,744589905,
Peter O'Brien (politician),Ireland,744643166,
Id Mirab,China,744919009,
Gomes Echigues,Portugal,745247780,
Hiroshi V. Yamamura,Marshall Islands,745618670,
Charles Moravia,Haiti,745784871,
Mahmoud Karem,Egypt,745915558,
Léon Labbé,France,746094293,
Barbro-Lill Hætta-Jacobsen,Norway,746410354,
Perseu Abramo,Brazil,746621637,
Yousef Al Omeir,United Arab Emirates,746758535,
Fernando Volio Jiménez,Costa Rica,746882155,
Onésimo Redondo,Spain,747084117,
Hou Jing,Mongolia,747458501,
Bia Venâncio,Brazil,747688056,
Pierre de Witasse,Monaco,747700365,
Pat Bridson,Ireland,747922835,
Carlos Loret de Mola Mediz,Mexico,748019396,
Pál Somssich,Hungary,748149117,
Virgilio Barco Vargas,Colombia,748389393,
Leonardo Dudan,Croatia,748601806,
Jambyn Lkhümbe,Mongolia,748640888,
John Williams (New South Wales colonial politician),Australia,748896133,
Vikram Sood,India,749084576,
Alfred Odhiambo,Kenya,749322828,
Wanmelbu,Vanuatu,749326717,
Vladimir Šišljagić,Croatia,749384102,
Éric Faurot,France,749389032,
Athumani S. Janguo,Tanzania,749488069,
Bruno Subtil,France,749546552,
James C. Archer,Australia,749572014,
Peter Lauritzen,Denmark,749675026,
Thierry Gourlot,France,749699147,
Jean-Marc de Lacoste-Lareymondie,France,749705073,
Biren Sikder,Bangladesh,749860902,
John McNamara (Australian politician),Australia,749973022,
List of Australian politicians,Australia,750137322,
Jeremias Ziervogel,Cape Colony,750299694,
Hakim Taniwal,Afghanistan,750561890,
List of personal coats of arms of Presidents of Haiti,Haiti,750849372,
Vangel Ajanovski-Oče,Macedonia,751054819,
Baban Singh,Nepal,751327224,
Bernd Richter,Czech Republic,751718674,
César Charlone (politician),Uruguay,752071538,
Patricia Shanil Muluzi,Malawi,752608041,
Mehdi Zana,Turkey,752949265,
Roy Chiongbian,Philippines,753191526,
Robert Christopher Stafford Stanley,United Kingdom,753325059,
Jean Le Mercier,France,753571816,
Þuríður Backman,Iceland,753969078,
Umze Peljor,Bhutan,754407684,
Diyar Khan Yaqubi,Pakistan,754739349,
Robert Murphy Mayo,United States,754865150,
Levent Kırca,Turkey,755081843,
Jacques Bangou,Guadeloupe,755313899,
Robert Montague (Jamaican politician),Jamaica,755602012,
Mónica Fein,Argentina,755871149,
Antonio Serapio,Philippines,756099281,
Benjamin Pine,Antigua and Barbuda,756356311,
Kevin Menicoche,Canada,756588884,
Marc Elsen,Belgium,756653307,
Paulin Sterkaj,Albania,756676607,
Arthur Gregorian,Armenia,756697478,
Alaa Abdessaheb al-Alwan,Iraq,756728398,
Nils Claëson,Sweden,756793798,
George Hubble,Australia,756850089,
Aaron Dillaway,Australia,756994979,
Amanda Millar,Australia,757007557,
Natasha Fyles,Australia,757008521,
Tetangi Matapo,Cook Island,757064793,
Matatumua Maimoana,Samoan,757107378,
José Luis Lobato (politician),Mexico,757153622,
Alicia Rodríguez Martínez,Mexico,757213365,
Blanca Soto Plata,Mexico,757213663,
Elizabeth Morales García,Mexico,757213886,
Gloria Valenzuela García,Mexico,757214071,
Judith Vázquez Saut,Mexico,757214342,
Lourdes Gallardo Pérez,Mexico,757214550,
Mary Telma Guajardo,Mexico,757216777,
María Leticia Mendoza Curiel,Mexico,757216930,
Nancy González Ulloa,Mexico,757217091,
Rosa Elia Romero Guzmán,Mexico,757217271,
Teresa Ortuño Gurza,Mexico,757217520,
Marcelo Cerqueira,Brazil,757313957,
Miró Ruiz,Peru,757320661,
Ingebjørg Karmhus,Norway,757341244,
Nikolay Denin,Russia,757343704,
Margit Tøsdal,Norway,757357483,
Esmeralda Arboleda Cadavid,Colombia,757470865,
Brita Borge,Norway,757539244,
Wenche Lyngholm,Norway,757539524,
Francesco Nitto Palma,Italy,757561337,
Lauri Linna,Finland,757565138,
Patricia Pérez Goldberg,Chile,757616369,
Reinilde Van Moer,Belgium,757620012,
Gino Mattarelli,Italy,757634643,
Cuthbert Cowan,New Zealand,757681533,
John Studholme,New Zealand,757682624,
Truman Prince,South Africa,757796489,
Ahmad Balal,Pakistan,757961591,
Nikolay Bliznakov,Bulgaria,758031736,
Frederick Ngobi Gume,Uganda,758395750,
Saifuddin Bohra,Pakistan,758706289,
Varina Tjon-A-Ten,Netherlands,758716919,
Geoffrey Cox (Australian politician),Australia,759129423,
Geraldine Ecleo-Villaroman,Philippines,759369603,
Sermin Özürküt,Sweden,759454932,
Lee Sush-der,Taiwan,759614813,
Sukarti Wakiman,Malaysia,759833427,
Jørgen von Ansbach,Norway,760081916,
Saleh Al Shal,United Arab Emirates,760194556,
Josef Siegele,Austria,760195376,
Ernest Courtot de Cissey,France,760266412,
Louis-Étienne Ricard,France,760512672,
Herminio A. Astorga,Philippines,760653497,
Shah Moazzem Hossain,Bangladesh,761070032,
Akhmed Malsagov,Russia,761353713,
Jalel Lakadar,Tunisia,761714151,
Nikolay Baranov (politician),Russia,761821348,
Đuro Basariček,Croatia,762023726,
A. Wahab,Indonesia,762268368,
Mwezi III of Burundi,Burundi,762599147,
Kalthouma Nguembang,Chad,762816132,
Bailiff of Guernsey,Guernsey,762910285,
Shao Yuan-chong,China,763153584,
Leonora Linter,Estonia,763245610,
Dolly Makambo Nawezi,"Congo, Dem. Rep. of",763323939,
Elisha Shapiro,United States,763558111,
Henry St. Hill,New Zealand,763763273,
Roger Steele,Australia,763856897,
Lennox Farrell,Canada,764019224,
Gerald A. Reynolds,United States,764107941,
Francois Willie Cloete,South Africa,764191934,
Ewa Monika Mes,Poland,764377640,
Marco Aurelio Robles,Panama,764704903,
Omar Cabezas,Nicaragua,764869328,
Obuobia Darko-Opoku,Ghana,764911200,
Sister Bernard Ncube,South Africa,765058169,
Diego Bautista Urbaneja,Venezuela,765206213,
Emmanuel Odoi Lartey,Ghana,765228329,
Mary Salifu Boforo,Ghana,765438219,
Roozbeh Farahanipour,Iran,765489047,
Zeev Schwartz,Israel,765662083,
Jeferson Moreira,Brazil,765717347,
Erik Boheman,Sweden,765765792,
Habibollah Peyman,Iran,765942915,
Pokotoa Sipeli,Niuean,766069256,
Giammarco Montanari,Italy,766101638,
Jorge Alberto Uribe,Colombia,766279940,
Bukar Shaib,Nigeria,766493465,
Axel Brusewitz,Sweden,766757806,
Cid Gomes,Brazil,767045289,
Ivar Egeberg,Norway,767230130,
Dimitrie Bogos,Moldova,767443850,
Juan José de Vértiz y Salcedo,Spain,767687129,
Salim Ali Salam,Lebanon,767836358,
Shahrin Islam Tuhin,Bangladesh,768011725,
Muhammad Abdul Haque,Bangladesh,768013050,
Pia Dijkstra,Netherlands,768120494,
Hilaalee dynasty,Maldives,768329618,
Oscar Baylón Chacón,Mexico,768514869,
Silvia Makgone,Namibia,768707856,
Rajat Majumdar,India,768871687,
Kovambo Nujoma,Namibia,768878536,
William Ralph Nairn,Australia,768980149,
Imma Battaglia,Italy,769170616,
Jules Brunard,France,769430300,
Ramona Badescu,Italy,769585892,
Suhail Al Mazroui,United Arab Emirates,769752810,
Agnes Goode,Australia,770067469,
Benito Serrano Jiménez,Costa Rica,770305294,
Oscar Hernandez (politician),United States,770535786,
Kim Hyun-jong,South Korean,770760118,
Sergey Baburin,Russia,770923218,
Li Youwen,China,770956935,
Liu Jie,China,771029948,
Manuel Acero,Spain,771163630,
Sheikh Zakaria Ansari,Iran,771213598,
Jan van Hooff (politician),Netherlands,771273540,
Luigi Crespellani,Italy,771449208,
Muhammad Yar Khan Mandokhail,Pakistan,771642775,
Harry Venn,Australia,771784153,
John Milton Elliott,United States,771976618,
Chris Steel,Australia,772092345,
Walter Lee (Louisiana politician),United States,772176512,
Yu Eung-bu,"Korea, South",772391926,
Mark M. Noble,United States,772567736,
David E. L. Choong,Malaysia,772604656,
Noel K Tshiani Muadiamvita,"Congo, Dem. Rep. of",772818039,
Maksymilian Horwitz,Poland,773031581,
Andros Kyprianou,Cyprus,773148433,
James Watson Leonard,South Africa,773261096,
Isaura Gomes,Cape Verde,773323473,
Hari Bahadur Rai,Nepal,773355081,
Scott Simon (politician),United States,773508072,
Viviana Piñeiro,Uruguay,773601556,
Sonomyn Luvsan,Mongolia,773751835,
Hou Kok Chung,Malaysia,773940232,
Khaled Negm,Egypt,774023957,
Betty Baxter,Canada,774113266,
Kasongo Ilunga,"Congo, Dem. Rep. of",774263410,
Phil Hobson,United Kingdom,774293013,
Bill McGrath,Australia,774396246,
William Dumaresq,Australia,774498654,
Joseph Tole,New Zealand,774638709,
Dadash Bunyadzade,Azerbaijan,774805114,
Viktoras Muntianas,Lithuania,775045122,
Juliana of Stolberg,Netherlands,775251346,
Soumana Makadji,Mali,775493037,
Hadad-yith'i,Syria,775687661,
Ochirbatyn Dashbalbar,Mongolia,775924658,
Francisco Silvela,Spain,776027694,
Mario García Menocal,Cuba,776186947,
Jean Konan Banny,Ivorian,776348888,
Ivo Svoboda (politician),Czech Republic,776513552,
Jin Daoming,China,776728593,
Hāmiora Mangakāhia,New Zealand,776844015,
Bakhti Belaïb,Algeria,776925770,
Maki Esther Ortiz,Mexico,777095081,
John Palino,New Zealand,777163201,
Lia Manoliu,Romania,777307426,
Jorge Torres Vallejo,Peru,777452887,
Joshua Kalsakau,Vanuatu,777576268,
José Vega (Peruvian politician),Peru,777622654,
Abdullah Mohsen al-Akwa,Yemen,777723018,
Joaquín Baranda,Mexico,777819499,
Richard Wood (Australian politician),Australia,778055601,
Philippe Roch,Switzerland,778229178,
Larry Holmes (activist),United States,778388481,
Tommy Burks,United States,778457323,
Jędrzej Moraczewski,Poland,778573232,
Debojeet Thaosen,India,778618827,
Tom Davis (Cook Islands politician),Cook Island,778763952,
Hollington Tong,Taiwan,778869784,
Jeremy Gimpel,Israel,779024727,
Richard Randall (physician),Liberia,779089248,
Jacek Maciej Wenderlich,Poland,779101752,
Mohamad Hamim Aliyas,Singapore,779135011,
Driss Guiga,Tunisia,779251031,
Urmila Aryal,Nepal,779371213,
Ina Ambolodto,Philippines,779409209,
Darlene Antonino-Custodio,Philippines,779409577,
Ben-Collins Ndu,Nigeria,779487623,
Sylvanus Ngele,Nigeria,779488405,
Miloslava Vostrá,Czech Republic,779501194,
Kazungu Kambi,Kenya,779566560,
Ken Nnamani,Nigeria,779710549,
H. Dunlop Dawbarn,United States,779770665,
Adalbert Falk,Germany,779887510,
José Ricardo Salazar,Venezuela,779899001,
Chaudhry Zafar Iqbal Warraich,Pakistan,779954797,
Rana Assad Amin,Pakistan,779957437,
Laurent Bado,Burkina Faso,780003388,
Khaled Al Jarrah Al Sabah,Kuwait,780214466,
Todor Petrov,Macedonia,780424320,
Ulla Anttila,Finland,780544847,
Melanie Griffin,Bahamas,780696712,
Mohammad Tamim Nuristani,Afghanistan,780939825,
Claudia Pastorino,Italy,781072934,
Lin Bih-jaw,Taiwan,781089187,
José Evaristo Uriburu,Argentina,781199493,
Siamak Moreh Sedgh,Iran,781397432,
Jama Mohamud Takar,Somalia,781427254,
Norbu Wangchuk,Bhutan,781564950,
Jan Jonker Afrikaner,Namibia,781797819,
Josep Calva,Andorra,781951112,
Lloyd J. Richardson,Netherlands,782103998,
Batul Soltani,Iran,782170063,
Amir Mohebbian,Iran,782189992,
Electoral history of William Hague,United Kingdom,782325305,
Ibrahim Tahir,Nigeria,782437981,
Marcia Dangremon,Brazil,782508289,
Luka Kigen,Kenya,782551753,
Heinrich Alfred Barb,Austria,782642803,
Order of Merit of Samoa,Samoan,782768517,
List of heads of state of Cambodia,Cambodia,782894395,
Dragiša Lapčević,Serbia,783052933,
Camille Teisseire,France,783132477,
Charles Abercrombie Smith,Cape Colony,783249147,
Mohammad Shakir Kargar,Afghanistan,783321773,
13th Canadian Ministry,Canada,783381341,
Rose Sales,Brazil,783382630,
Maria de Lurdes Rodrigues,Portugal,783457288,
Mario Cimadevilla,Argentina,783535084,
Valgerður Gunnarsdóttir,Iceland,783637374,
Lucie Talmanová,Czech Republic,783711789,
Sergei Stepanov (politician),Moldova,783812668,
An Ruzi,China,783877487,
César Campinchi,France,783975863,
Yinchang,China,784136214,
Mohamed Abdullah al-Kawsi,Yemen,784283119,
"Members of the National Parliament of Papua New Guinea, 1972–1977",Papua New Guinea,784425847,
Met Bozi,Albania,784558743,
Audrey Ngaere Gale,New Zealand,784570968,
Orhan Eyüpoğlu,Turkey,784677165,
Jeffrey Nape,Papua New Guinea,784747375,
Ralph Champneys Williams,Botswana,784826364,
Alfred Sant,Malta,784923421,
Deo Rwabiita,Uganda,785038536,
Mário Lemos Pires,Portugal,785178849,
Nello Rosselli,Italy,785247762,
Alison Hernandez,United Kingdom,785361329,
Gerald Morin,Canada,785484913,
Alberto Herrera y Franchi,Cuba,785579216,
Lucas Dekena,Papua New Guinea,785762813,
William Robson (1843–1920),Australia,785875549,
Salim al-Husayni,Palestinian Territory,785938222,
Renato Chisso,Italy,786067248,
James Leonard Gordon,Philippines,786156286,
John Horgan (Irish nationalist),Ireland,786289801,
José Manuel Cortina,Cuba,786399223,
Claudio Orrego,Chile,786506425,
Todd Russell,Canada,786614713,
Mariano Lazcano,Spain,786721553,
Ferdous Ahmed Qurishi,Bangladesh,786763647,
Chen Chi-lu,Taiwan,786869058,
Karlo Lukanov,Bulgaria,786904033,
Elbertus Leoninus,Netherlands,786987065,
Hashim Aqrawi,Iraq,787073249,
Lincoln Verduga Loor,Ecuador,787152589,
Mian Fareed Abbas Kathia,Pakistan,787181453,
Nikolai Mefodiev,Russia,787209890,
Arafan Camara,Guinea,787280546,
Aaro Salo,Finland,787325450,
Nihal Naj Ali Al-Awlaqi,Yemen,787353922,
Arthur Myers,New Zealand,787354837,
Thomas T. Riley,United States,787378692,
Abdolmajid Pirzadeh Jahromi,Iran,787391918,
Abdoulaye Sékou Sow,Mali,787393321,
Abdul Latif Khalid Cheema,Pakistan,787398581,
Abdulrahman bin Abdullah Al Barrak,Saudi Arabia,787407918,
Abdurahman H. H. Osman 'Mallay',Somalia,787453368,
Bawk Ja,Myanmar,787467169,
Pedro de la Portilla,Mexico,787540270,
Racho Petrov,Bulgaria,787652201,
Lewis Cohen (mayor),United Kingdom,787725856,
Tatiana Turanskaya,Moldova,787810976,
Mingrui,China,787878500,
Kantathi Suphamongkhon,Thailand,787918719,
Shaukat Ullah,Pakistan,787963880,
Smilja Avramov,Bosnia-Herzegovina,787995181,
Mirko Jović,Serbia,788018078,
Sylvain Salnave,Haiti,788034382,
Thoraya Obaid,Saudi Arabia,788037971,
Petre P. Negulescu,Romania,788105382,
Arthur Lever,United Kingdom,788155737,
Jani Papadhopulli,Albania,788181008,
Yassine Jaber,Lebanon,788222239,
Doroteo Vasconcelos,Salvadoran,788264133,
Rahul Sinha,India,788289620,
Rukhsana Jamshed Buttar,Pakistan,788310015,
Mahesh Kumar,Pakistan,788310383,
Alexander Longmore,Australia,788362927,
Ahmed Ounaies,Tunisia,788419387,
Luis de Guindos,Spain,788459217,
Antonio Gutiérrez de la Fuente,Peru,788482343,
Sweyn Haakonsson,Norway,788523888,
Choe Pu-il,"Korea, South",788583377,
Marie Muhammad,Indonesia,788659079,
Keiji Furuya,Japan,788697622,
Vithal Chavan,India,788722110,
Thakur Baldev Singh,India,788722131,
Ravi Rana,India,788727885,
Amalia García,Mexico,788739961,
Kalman Kahana,Israel,788767667,
Amin-Salim Jarjora,Israel,788771573,
Eliezer Ronen,Israel,788772454,
Zvulun Kalfa,Israel,788774111,
Antonia Parvanova,Bulgaria,788782074,
Liisa Jaakonsaari,Finland,788792316,
Benoît Potterie,France,788794363,
Vincent Ledoux,France,788799274,
Pierre Lellouche,France,788802897,
Michel Delpon,France,788806027,
Jean-Michel Villaumé,France,788807983,
Hervé Saulignac,France,788810179,
Dominique David,France,788815608,
Saifoulaye Diallo,Guinea,788825825,
Jean-Louis Tixier-Vignancour,France,788827945,
Bernard Cadenat,France,788830339,
Philippe-François-Joseph Le Bas,France,788839335,
Jaybahadur Hitan Magar,Nepal,788844423,
Nii Okaidja Adamafio,Ghana,788852070,
Olga Kefalogianni,Greece,788856260,
Dimitrios Makris (politician),Greece,788861898,
Louis Shoobridge Jr.,Australia,788866276,
Ferenc József Nagy,Hungary,788872099,
Aloyzas Sakalas,Lithuania,788874968,
Gheorghe Buruiană,Moldova,788878587,
Vasile Bârcă,Moldova,788880634,
Grzegorz Skwierczyński,Poland,788883259,
Małgorzata Olejnik,Poland,788884353,
Amirreza Amirbakhtiar,Iran,788884593,
Zofia Grabczan,Poland,788885300,
Stanisław Kalemba,Poland,788925490,
Andrzej Aumiller,Poland,788929405,
Marta Torrado de Castro,Spain,788943624,
Inmaculada Martínez Cervera,Spain,788947088,
José Luis Adsuar Ferrando,Spain,788948917,
Liao Zhongkai,China,788960137,
Muhammad Chomboh,Tanzania,788963343,
A. Sivasunderam,Sri Lanka,788964196,
Assumpter Mshama,Tanzania,788965446,
Suleiman Omar,Tanzania,788967040,
Selemani Zedi,Tanzania,788969854,
Anara Naeem,Maldives,788976235,
Barbu Știrbey,Romania,789034030,
Fernando Linera,Spain,789080627,
"Kate Rock, Baroness Rock",United Kingdom,789112111,
Andrés Ycaza Mantilla,Ecuador,789150159,
"Alexis FitzGerald, Jnr",Ireland,789160779,
Jérôme Rivière,France,789211173,
Andrea Costa,Italy,789262104,
Carlo Pezzati,Italy,789262504,
Patrick Binder,France,789266166,
Hans Bonte,Belgium,789268389,
Nicolas-Jean Rouppe,Belgium,789269076,
Kadri Hazbiu,Albania,789270161,
Kristo Meksi,Albania,789270814,
Harald Haas (Pirate Party),Austria,789271422,
Rudolf Pöder,Austria,789271573,
Luigi Guglielmo Cambray-Digny,Italy,789276779,
Zhang Yuhuan,China,789281061,
Khuda Bux Rajar,Pakistan,789284355,
Saqib Idrees Taj,Pakistan,789285351,
Hameeda Waheeduddin,Pakistan,789285762,
Zheng Shekui,China,789286413,
Tove Kari Viken,Norway,789289762,
Anna Tibaijuka,Tanzania,789294810,
János Kamara,Hungary,789295322,
Zsigmond Perényi (1870–1946),Hungary,789295809,
Géza Teleki (politician),Hungary,789296393,
Dharmadasa Banda,Sri Lanka,789298390,
Jayarathna Herath,Sri Lanka,789299135,
Dilan Perera,Sri Lanka,789299887,
Tharaka Balasuriya,Sri Lanka,789301214,
Nadejda Brânzan,Moldova,789304705,
Lidia Istrati,Moldova,789306004,
Andrei Strâmbeanu,Moldova,789306621,
Willem van Ravesteyn,Netherlands,789309749,
Lionginas Šepetys,Lithuania,789311478,
Isaac Awan Maper,South Sudan,789315042,
Alexander Babakov,Russia,789327870,
Nina Varlamova,Russia,789332057,
Abdul Halim Abdul Rahman,Malaysia,789334867,
Hamim Samuri,Malaysia,789359397,
Peter Adler Alberti,Denmark,789364676,
Zuraida Kamaruddin,Malaysia,789370558,
Bakili Muluzi,Malawi,789440301,
Prasanna Earnest,India,789444415,
Francis Cochrane,Canada,789485956,
Chris Mushohwe,Zimbabwe,789545212,
Mohamed El Yazghi,Morocco,789596747,
Miguel Ángel Gámez,Hondura,789599513,
Lina Ron,Venezuela,789646583,
Svetlana Goryacheva,Russia,789654161,
Eduard von Steiger,Switzerland,789712917,
Chowdhary Balbir Singh,India,789736824,
Rafat Bayat,Iran,789745461,
Justine Lumumba Kasule,Uganda,789799605,
Eliane Rosa Naika,Madagascar,789813126,
Arthur C. Watson,United States,789816636,
Li Gui,China,789824430,
Solomon Mujuru,Zimbabwe,789898624,
Pilar Barreiro,Spain,789955813,
Salah Ali Al-Ghali,Sudan,789974417,
Louis Chimango,Malawi,790006218,
Zeinab Kamel Ali,Djibouti,790006842,
Serge Clair,Mauritius,790008145,
José Ibraimo Abudo,Mozambique,790010201,
Farouk Sharif,Philippines,790028876,
Jessie Majome,Zimbabwe,790035057,
Annie David,France,790100076,
Lior Edri,Israel,790116218,
Idoia Zenarrutzabeitia Beldarrain,Spain,790147995,
Fátima Aburto Baselga,Spain,790148316,
Hashem Mahameed,Israel,790202609,
Anna Sjödin,Sweden,790286148,
Michał Bobrzyński,Poland,790324229,
Ngedikes Olai Uludong,Palauan,790410665,
Hrayr Karapetyan,Armenia,790410710,
Rose Akol,Uganda,790424964,
Annette Peulvast-Bergeal,France,790505721,
Peter Primrose,Australia,790599519,
Liu Chenggui,China,790615742,
Philip Noel-Baker,United Kingdom,790687306,
William B. Slaughter,United States,790748697,
Martine Pinville,France,790843059,
Géza Fejérváry,Hungary,790901316,
Louis Carpenter (judge),United States,790975446,
Carl Gyllenborg,Sweden,791075787,
Silvestro Centofanti,Italy,791161753,
Gidi Markuszower,Netherlands,791212356,
Elmar Lichtenegger,Austria,791265773,
Celal Adan,Turkey,791322856,
Alcibiades Hidalgo,Cuba,791394160,
Bill Evans (politician),United States,791429003,
Fernando Márquez de la Plata,Chile,791463616,
Filippo Cremonesi,Italy,791505614,
Hameed Ullah Jan Afridi,Pakistan,791589709,
Jean-Baptiste Lemoyne (politician),France,791685778,
Jagannath Mishra,India,791767179,
Eduard Müller (Swiss politician),Switzerland,791850486,
Claybourn – Claiborne – Clayborn family,United States,791866288,
Ibn Humaid,Saudi Arabia,791873772,
Chang Ching-hui,Taiwan,791953403,
Belinda Neal,Australia,792039252,
Anna Borucka-Cieślewicz,Poland,792128063,
N. Padmalochanan,India,792184018,
Wang Dongxing,China,792192283,
Robert Beglarian,Armenia,792289455,
Galina Khovanskaya,Russia,792363476,
Marko Selakovic,Serbia,792400552,
Sumaira Yasir Rasheed,Pakistan,792427685,
Praveen Agrawal,India,792440851,
Sam Sary,Cambodia,792556486,
Miangul Asfandyar Amir Zeb,Pakistan,792633464,
Bethel Nnaemeka Amadi,Nigeria,792729943,
Sadik Warfa,Somalia,792847876,
Caleb Crosby,United States,792857662,
Yūichirō Chikaraishi,Japan,792931448,
Draft:John Johansson i Gränö,Sweden,792933603,
Carlos Lemos Simmonds,Colombia,793014986,
Dave Solomon (rugby),Samoan,793129536,
José Félix Fernández Estigarribia,Paraguay,793167034,
Kalpana Saini,India,793209526,
Tibor Gaal de Hatvan,Hungary,793280504,
Loïc Prud'homme,France,793290509,
Henrik Old,Faroese,793353435,
Khamphaeng Chitavong,Laos,793408421,
Adnan al-Malki,Syria,793426093,
Jafar Kashani,Iran,793509843,
Zohreh Elahian,Iran,793582825,
Constanza Moreira,Uruguay,793654150,
Abdel Rahman Swar al-Dahab,Sudan,793718419,
Anderson Agiru,Papua New Guinea,793813362,
Igor Pokaz,Croatia,793896344,
Selena Uibo,Australia,793984032,
"John Jacob Astor, 1st Baron Astor of Hever",United Kingdom,794060451,
Moisés Santiago Bertoni,Paraguay,794116913,
Esther Alder,Switzerland,794189132,
Hannah Esi Badu Cudjoe,Ghana,794257470,
Chukwuemeka Ihedioha,Nigeria,794311724,
Mir Quasem Ali,Bangladesh,794374330,
Gregorei Alexandrovich,Russia,794409906,
Henry Lee Hau Shik,Malaysia,794451131,
Devasish Roy,Bangladesh,794512961,
Paul O'Dwyer,Ireland,794585469,
Zheng Chengsi,China,794636065,
Hamid Yar Hiraj,Pakistan,794682753,
James W. Holley III,United States,794767172,
Josh Miller (politician),United States,794768894,
Mohammad Safadi,Lebanon,794831822,
List of Ghana heads of state by age,Ghana,794866848,
Parvaneh Salahshouri,Iran,794894990,
Francisco José Furtado,Brazil,794930842,
Carmen Salinas,Mexico,794975445,
Alfred Moungara Moussotsi,Gabon,794990759,
Jacob Cats,Netherlands,795023596,
Andrea Mitchell (politician),Australia,795127080,
Sekou Conneh,Liberia,795213474,
Bertha Puga Martínez,Colombia,795288400,
Oleg Matveychev,Russia,795361506,
Jaime Otero Calderón,Bolivia,795450237,
Tiina Sanila,Finland,795532643,
Chandra Prakash Gajurel,Nepal,795545178,
Hari Bhakta Kandel,Nepal,795545202,
Lee Jung-hyun (politician),South Korean,795546256,
Fraz Wahlah,Pakistan,795588781,
Victor Tayar,Israel,795619431,
Freda Akosua Prempeh,Ghana,795709449,
Walter Kälin,Switzerland,795767767,
Julio César Arana,Peru,795831120,
Roger Webb (politician),United States,795879603,
Augustin Kontchou Kouomegni,Cameroon,795949797,
Wang Shu-hui,Taiwan,796023622,
Li Tai,China,796067946,
Hassan al-Hakim,Syria,796159124,
Shawar of Egypt,Egypt,796215075,
Margot Honecker,Germany,796280986,
Valery Grigoryan,Azerbaijan,796341737,
Birendra Narayan Chakraborty,India,796390599,
Rana Mahmood-ul-Hassan,Pakistan,796444231,
"Eduard Taaffe, 11th Viscount Taaffe",Austria,796545469,
Archie Gumede,South Africa,796600183,
Faisal Karim Kundi,Pakistan,796651170,
Ahmad Shirzad,Iran,796696047,
Nape Nnauye,Tanzania,796743415,
Hovik Jivanyan,Armenia,796744496,
Stanford Morse,United States,796758810,
Kalema of Buganda,Uganda,796808819,
Tudor Deliu,Moldova,796867077,
Advisor to the President of Iran,Iran,796899599,
Ivo Perišin,Croatia,796947541,
Aristides Pereira,Cape Verde,797000483,
Piero Colonna,Italy,797040260,
Bob McDonald (politician),Canada,797090959,
Charles-Ange Laisant,France,797171790,
Abdelkader Lecheheb,Morocco,797223839,
"Members of the National Parliament of Papua New Guinea, 1977–1982",Papua New Guinea,797268956,
Dan Hilton,Canada,797311794,
June Craig,Australia,797314484,
Carlos Brandão,Brazil,797390869,
Emília Pires,East Timorese,797438594,
Sjúrður Skaale,Faroese,797493405,
Ignacio Walker,Chile,797545522,
Danny Atar,Israel,797592377,
Bo Xilai,China,797632558,
Margarita Dabdoub Sikaffi,Hondura,797684912,
Mohammad Haghani,Iran,797727481,
Lorena Castillo,Panama,797772360,
Hasan Nazih,Iran,797818926,
Abdulahi Mohamed Sa'adi,Ethiopia,797882399,
Volodymyr Manzhosov,Ukraine,797902544,
Jean-Claude Van Cauwenberghe,Belgium,797938401,
Vito Miceli,Italy,798008586,
Hassan Emami,Iran,798067275,
Misir Mardanov,Azerbaijan,798073295,
Frank Engel (politician),Luxembourg,798144920,
"Members of the House of Assembly of Papua and New Guinea, 1964–1968",Papua New Guinea,798195519,
André Elissen,Netherlands,798262130,
Irina Yarovaya,Russia,798326587,
James Pasternak,Canada,798358913,
Péter Csizi,Hungary,798408484,
Tariq Anwar (politician),India,798458314,
Sigrið av Skarði Joensen,Denmark,798488499,
Vera Duarte,Cape Verde,798495771,
Wan Xiaotang,China,798556283,
Rajinder Kaur Bhattal,Pakistan,798591757,
Jesse Spikes,United States,798615865,
Ismail Ertug,Germany,798622549,
E. E. C. Thuraisingham,Malaysia,798671264,
Ludwig Martens,Russia,798740571,
Dana Olmert,Israel,798805217,
Ramesh Chander Bidhan,India,798841317,
Abdullah bin Mohammed Al Thani,United Arab Emirates,798865216,
Maria Hadjipavlou,Cyprus,798891126,
Mike Oquaye Jnr,Ghana,798893307,
Svetozar Čiplić,Serbia,798930005,
Kevin Malcolm Everett,United Kingdom,798945915,
Darcie Lanthier,Canada,798952867,
Longkodo,China,798972929,
Mehdi Ben Barka,Morocco,799017587,
Morteza Kazemian,Iran,799036953,
Marta Wenger,South Africa,799041757,
Abdiwahid Elmi Gonjeh,Somalia,799082904,
William David Upshaw,United States,799136515,
Gheorghe Apostol,Romania,799211309,
Peter J. Dalessandro,United States,799240386,
V. Sadasivan,India,799263010,
Nora Schimming-Chase,Namibia,799298806,
Norm Wolfinger,United States,799300265,
Michael Ogio,Papua New Guinea,799337961,
Luis Pércovich Roca,Peru,799386900,
Léon Mébiame,Gabon,799431855,
Émile Braun,Belgium,799472920,
Alice Wang,Taiwan,799517214,
Mohd Eekmal Ahmad,Malaysia,799540668,
Chua Tee Yong,Malaysia,799546918,
Yeh Jiunn-rong,Taiwan,799570146,
Garri Aiba,Abkhazia,799618550,
Abel Chivukuvuku,Angola,799683479,
Sitti Djalia Turabin,Philippines,799728153,
Émile Reuter,Luxembourg,799786611,
Harinjatovo Rakotondramanana,Madagascar,799823313,
Raja Muhammad Akbar Khan,Pakistan,799880073,
Diego Alfredo Molero Bellavia,Venezuela,799882214,
Marino Riccardi,San Marino,799926624,
Rich Eychaner,United States,799933274,
Robert Atiyafa,Papua New Guinea,799963606,
José Francisco Gomes Monteiro,Portugal,799981363,
Rudolph Kamburona,Namibia,800014905,
Michael McInerney,Ireland,800072571,
Nick Dondas,Australia,800075262,
Besim Kuka,Albania,800124910,
Craig Huey,United States,800144885,
Shlomo Zalman Shragai,Israel,800150855,
Alfred Josoa,Madagascar,800198316,
Abhimanyu Rao,India,800233652,
Rémi Bakou,Congo,800250743,
Raffaele Lauro,Italy,800267672,
Sardar Muhammad Jaffar Khan Leghari,Pakistan,800271645,
Hussain Shah Jilani,Pakistan,800289841,
Donald Jeffrey Large,United States,800299837,
Branko Horvat,Croatia,800344485,
Empress Kōgyoku,Japan,800402071,
Hassan Habibi,Iran,800455710,
Dragan Klaric,Sweden,800471126,
Ramdas Nayak,India,800479004,
Imran Khattak,Pakistan,800562096,
Bashir Ahmed Sarki,Pakistan,800574730,
Mike Sonko,Kenya,800617522,
Michel Lévêque,Monaco,800663247,
Dyana Sofya Mohd Daud,Malaysia,800706423,
Siddique Nazmul Alam,Bangladesh,800707821,
Sylvestre Nsanzimana,Rwanda,800736705,
Terry Waldron,Australia,800780853,
Vasyl Stefanyk,Hungary,800802122,
Rustam Emomali,Tajikistan,800833479,
José Baptista Pinheiro de Azevedo,Portugal,800884443,
Édouard Balladur,France,800944189,
May De Silva,Seychelles,800969960,
Nadia Matar,Israel,801037459,
Wang Yun (Yuan dynasty),China,801088654,
Viktor Gozhy,Russia,801119998,
Wang Yusuo,China,801155639,
Georges Sada,Iraq,801177435,
Ignacy Hryniewiecki,Poland,801204367,
Abdul Ghani Talpur,Pakistan,801221497,
Atiqa Odho,Pakistan,801240166,
Winston Cenac,Saint Lucian,801276622,
Anwara Ali,United Kingdom,801306872,
Yang Xianzhen,China,801307972,
Mohd Nor Monutty,Malaysia,801330042,
Neneh MacDouall-Gaye,Gambia,801356638,
Daniel Filmus,Argentina,801392292,
Sin Son-ho,"Korea, South",801431787,
Ernest Psichari,France,801460548,
Dauda Kamara,Sierra Leone,801492084,
Bahadur Ahmed Khan Sihar,Pakistan,801534131,
Secular and Nationalist Jinnah,Pakistan,801536406,
Leonard Hopkins,Australia,801558729,
Ambedkarism,India,801563949,
Michael Briguglio,Malta,801566979,
Eduardo Maruri,Ecuador,801588113,
Soraya Tarzi,Afghanistan,801632337,
Rashid bin Humaid Al Nuaimi (Ajman),United Arab Emirates,801638735,
Tristan de L'Angle Beaumanoir,France,801691272,
Abhijit Pandya,United Kingdom,801696196,
Amrin Amin,Singapore,801729644,
Yitzhak Rabin,Israel,801799738,
Ouyang Xiu,China,801835819,
Savo Klimovski,Macedonia,801846630,
Shwe Maung (politician),Myanmar,801893197,
Willem Doman,South Africa,801935033,
Aurélio de Lira Tavares,Brazil,801973607,
Eshaq Jahangiri,Iran,802024631,
Eugenijus Gentvilas,Lithuania,802077882,
Harry Thuku,Kenya,802117133,
Ali Asghar Khan (politician),Pakistan,802148439,
Musalia Mudavadi,Kenya,802187568,
Parker Griffith,United States,802269152,
List of politicians on Veep,United States,802302246,
"Barnett Janner, Baron Janner",United Kingdom,802313015,
Yevgeny Moskvichev,Russia,802370251,
Orbán Kolompár,Hungary,802416263,
Kadri Prishtina,Albania,802437935,
Khaled Chehab,Lebanon,802440043,
Daniel O'Neill (Royalist),Ireland,802445176,
Hans Amler,Germany,802449483,
George Petak,United States,802475167,
Ananda Syahendar Perdana,Indonesia,802475516,
Ezatullah Mujahid,Afghanistan,802515929,
Leyla Zana,Turkey,802527591,
Inés Enríquez Frödden,Chile,802581204,
Mbadi John Ng'ongo,Kenya,802633990,
Alexandre de Beauharnais,Martinique,802657786,
Maria Ciobanu (politician),Moldova,802691896,
Kang Kum-sil,South Korean,802728876,
Maciej Filip Zegarski,Poland,802765034,
Alain Bocquet,France,802771840,
Millicent Preston-Stanley,Australia,802825026,
Teuku Nyak Arif,Indonesia,802855428,
Bernard Binlin Dadié,Ivorian,802904214,
Liu Qi (Liu Biao's son),China,802914163,
Than Htay,Myanmar,802937732,
Ivan Ivanov Bagryanov,Bulgaria,802942950,
Ferenc Somogyi,Hungary,803010621,
Zbigniew Religa,Poland,803071222,
Zhen Dexiu,China,803114690,
Nobuyuki Abe,"Korea, South",803168425,
Yoshiko Yamaguchi,Japan,803233164,
Sun Chuanfang,China,803285779,
Trần Ngọc Châu,Vietnam,803336424,
Xu Qian,China,803399424,
Anatoliy Peshko,Ukraine,803413615,
Shibu Soren,India,803439644,
Kevin Hardwick,United States,803484030,
Jaime Nogueira Pinto,Portugal,803499767,
Denis Zvizdić,Bosnia-Herzegovina,803557606,
Ismael Cortinas (politician),Uruguay,803608092,
Francisco Louçã,Portugal,803654190,
Lee E. Goodman,United States,803709580,
Vasile Ursu,Moldova,803753358,
Maria Zakharova,Russia,803782960,
David Sparrow,Canada,803784385,
San Yu,Myanmar,803826822,
Max Marambio,Chile,803876308,
Edouard Izac,United States,803920747,
Viktor Khristenko,Russia,803934346,
Anastasio Somoza García,Nicaragua,803976908,
Amadou Ali,Cameroon,804017918,
Iftikhar Ahmed (Swiss lawmaker),Switzerland,804057093,
Yang Jisheng (statesman),China,804068081,
František Udržal,Czech Republic,804093764,
João Victor Guedes,Brazil,804118645,
Grace Ogot,Kenya,804130858,
Kampa Borgoyary,India,804158476,
Rupnath Brahma,India,804160662,
Johann Rudolf Wettstein,Switzerland,804215133,
Political positions of Jeremy Corbyn,United Kingdom,804249380,
Abdul-Halim Sadulayev,Chechen,804279165,
John Mendelson,United Kingdom,804323135,
Saud of Saudi Arabia,Saudi Arabia,804360851,
Malcolm Rifkind,United Kingdom,804415557,
Desmond Donnelly,United Kingdom,804457905,
Lucia Lucchesi-Ghiselli,Italy,804473605,
Isaac Osei,Ghana,804497116,
Chen Liangyu,China,804530506,
Václav Havel,Czech Republic,804569724,
Vyacheslav Bitarov,Ossetian,804609656,
Bruno Rodríguez Parrilla,Cuba,804678009,
Lib Peck,United Kingdom,804697858,
Promode Mankin,Bangladesh,804717610,
Oleg Korolyov,Russia,804758211,
Dudley–Winthrop family,United States,804791599,
Prince Yangnyeong,"Korea, South",804815562,
Jérôme Bonaparte,France,804852355,
Fred Kapondi,Kenya,804892672,
Habibullah Khan Tarin,Pakistan,804923349,
Julius S. Berg,United States,804941654,
Larry A. Kaczala,United States,804941978,
William M. Rainach,United States,804945338,
David J. Dwork,United States,804946658,
Ernest von Koerber,Austria,804953812,
Kim Suk-soo,South Korean,804971686,
Charanjit Singh Atwal,India,804995112,
Tomás Estrada Palma,Cuba,805026338,
Ron Crickenberger,United States,805031334,
Lav Grigorije Pajkić,Serbia,805041930,
Monica Gåsvatn,Norway,805060038,
Geoffrey Finsberg,United Kingdom,805101278,
Dennis de Jong,Netherlands,805136705,
Gloria Amon Nikoi,Ghana,805160800,
George Isaac (politician),Egypt,805199785,
Richards–Young family,United States,805211553,
Yvette Berry,Australia,805234310,
S. R. Nathan,Singapore,805268515,
Seretse Khama,Botswana,805303117,
Abdullah of Saudi Arabia,Saudi Arabia,805343249,
Frederick Wayne,New Zealand,805376278,
Gershon Dua-Bogen,Poland,805410025,
Ian Axton,United Kingdom,805420467,
James Gaddas,United Kingdom,805442498,
Denise Phua,Singapore,805462199,
Aden Hashi Farah,Somalia,805498341,
Dennis Shea (lawyer),United States,805517427,
Miklós Szócska,Hungary,805523126,
Yun Seondo,"Korea, South",805559066,
Henry Burnell (author),Ireland,805599324,
Aasiya Nasir,Pakistan,805629728,
Kazimierz Nestor Sapieha,Poland,805670356,
Kamrul Hasan Nasim,Bangladesh,805697623,
Joe Foss,United States,805713742,
Mohammed Badie,Egypt,805749818,
Samora Machel,Mozambique,805780186,
Political positions of Pat Buchanan,United States,805788048,
Beatriz Cervantes Mandujano,Mexico,805806733,
Søren Espersen,Denmark,805839784,
"Charles-François Lebrun, duc de Plaisance",France,805865569,
Kao Kim Hourn,Cambodia,805905770,
Krishna Prasad Bhattarai,Nepal,805935219,
Hossein Khan Movaghar,Iran,805936041,
Abdullah CD,Malaysia,805966591,
Ali Asghar Mousapasandi,Iran,805970954,
Valeriy Panasenko,Moldova,805993160,
Lucía Medina,Dominican Republic,806006709,
Edivaldo Holanda Júnior,Brazil,806030859,
Djoueria Abdallah,Comoros,806036197,
Chang Sŏng-min,"Korea, South",806073213,
Masud Gharahkhani,Norway,806108446,
Allan Savory,Rhodesian,806153816,
Zico,Brazil,806176261,
Rajah Alon,Philippines,806179522,
Anton Kochinyan,Armenia,806200950,
Golam Mohammad Rabbani,Bangladesh,806223655,
Xu Guangqi,China,806263363,
Kiri Allan,New Zealand,806295445,
Lee Li Lian,Singapore,806317518,
Samiu Kwadwo Nuamah,Ghana,806340803,
Chaudhry Muhammad Afzal Sahi,Pakistan,806369152,
Mohammed Naguib,Egypt,806372496,
Victor Bockarie Foh,Sierra Leone,806397669,
Phillip Jackson,United States,806403304,
Peter Paul Busuttil,Malta,806427741,
Alexander Tilloch Galt,Canada,806464279,
Théophile de Lantsheere,Belgium,806498397,
List of heads of state of Mongolia,Mongolia,806524884,
Valeriu Turea,Moldova,806542084,
Josefina Cota Cota,Mexico,806550301,
Petre Roman,Romania,806585306,
Phoa Liong Gie,Indonesia,806627265,
Orna Banai,Israel,806645155,
David Musila,Kenya,806670089,
Rajah Gambang,Philippines,806695084,
Carlos Mata Figueroa,Venezuela,806704665,
Claudia Cruz Santiago,Mexico,806708318,
Emile Bustani,Lebanon,806734758,
Hubert Opperman,Australia,806753946,
Ryuho Okawa,Japan,806782628,
Olajide Awosedo,Nigeria,806811023,
Tony Abbott,Australia,806813016,
Hande Özsan Bozatlı,Turkey,806832299,
List of premiers of the Republic of China,Taiwan,806852291,
Bep Schrieke,Netherlands,806877434,
Guao Zurenuoc,Papua New Guinea,806911327,
Tip O'Neill,Ireland,806952259,
M. K. Anwar,Bangladesh,806995881,
William McMahon,Australia,807000274,
National Party of Australia – Victoria,Australia,807015873,
Saif Durbar,Central African Republic,807060372,
Gualberto Villarroel,Bolivia,807096479,
Devaki Krishnan,Malaysia,807132553,
Guo Shoujing,China,807152289,
Dirtbag Left,United States,807161510,
Saimir Tahiri,Albania,807172264,
Elena Ceaușescu,Romania,807190561,
Guy Georgias,Zimbabwe,807196681,
Guðni Th. Jóhannesson,Iceland,807213105,
Gabriel Dumont (Métis leader),Canada,807233670,
Sharad Pawar,India,807259028,
Susan Kadis,Canada,807288552,
Maqbool Sherwani,India,807320547,
John Rose (Trotskyist),United Kingdom,807336308,
Prateep Ungsongtham Hata,Thailand,807338548,
Bal Chandra Poudel,Nepal,807359562,
Jalal Movaghar,Iran,807367030,
Mohsen Movaghar,Iran,807367166,
Khwaja Hassan Askari,Bangladesh,807384779,
Lê Đức Anh,Vietnam,807401478,
Mamytov Mitalip,Kyrgyzstan,807418367,
Haifa al-Agha,Palestinian Territory,807439836,
Jonas Dahl,Denmark,807453538,
Peter Symon,Australia,807465826,
King Gutierrez,Philippines,807479587,
Francis Fessenden,United States,807483270,
Ajay Kannoujiya,India,807484325,
